Invoice ID,Product line,Unit price thb,Quantity,Total thb,Date,Time,Rating
750-67-8428,Health and beauty,864.03,2,1728.06,1/5/2019,13:08,10
226-31-3081,Electronic accessories,176.97,2,353.94,3/8/2019,10:29,10
631-41-3108,Home and lifestyle,536.115,2,1072.23,3/3/2019,13:23,8
123-19-1176,Health and beauty,673.527,3,2020.581,1/27/2019,20:33,9
373-73-7910,Sports and travel,998.319,5,4991.595,2/8/2019,10:37,6
699-14-3026,Electronic accessories,987.909,3,2963.727,3/25/2019,18:30,5
355-53-5943,Electronic accessories,796.365,5,3981.825,2/25/2019,14:36,6
315-22-5665,Home and lifestyle,850.844,1,850.844,2/24/2019,11:38,8
665-32-9167,Health and beauty,419.523,4,1678.092,1/10/2019,17:15,8
692-92-5582,Food and beverages,634.316,5,3171.58,2/20/2019,13:27,6
351-62-0822,Fashion accessories,167.601,5,838.005,2/6/2019,18:07,5
529-56-3974,Electronic accessories,295.297,4,1181.188,3/9/2019,17:03,7
365-64-0515,Electronic accessories,543.055,5,2715.275,2/12/2019,10:25,8
252-56-2699,Food and beverages,499.68,5,2498.4,2/7/2019,16:48,9
829-34-3910,Health and beauty,825.86,4,3303.44,3/29/2019,19:21,6
299-46-1805,Sports and travel,1084.028,4,4336.112,1/15/2019,16:19,5
656-95-9349,Health and beauty,797.406,4,3189.624,3/11/2019,11:03,5
765-26-6951,Sports and travel,840.087,3,2520.261,1/1/2019,10:39,7
329-62-1586,Food and beverages,632.581,5,3162.905,1/21/2019,18:00,9
319-50-3348,Home and lifestyle,466.368,2,932.736,3/11/2019,15:30,5
300-71-4605,Electronic accessories,995.196,1,995.196,2/25/2019,11:24,5
371-85-5789,Health and beauty,1017.751,4,4071.004,3/5/2019,10:40,6
273-16-6619,Home and lifestyle,384.129,3,1152.387,3/15/2019,12:20,5
636-48-8204,Electronic accessories,399.744,5,1998.72,2/17/2019,11:15,10
549-59-1358,Sports and travel,1025.385,4,4101.54,3/2/2019,17:36,6
227-03-5010,Home and lifestyle,608.291,2,1216.582,3/22/2019,19:20,9
649-29-6775,Fashion accessories,387.946,3,1163.838,2/8/2019,15:31,7
189-17-4241,Fashion accessories,1014.281,5,5071.405,3/10/2019,12:17,8
145-94-9061,Food and beverages,1022.262,3,3066.786,1/25/2019,19:48,10
848-62-7243,Health and beauty,288.01,4,1152.04,3/15/2019,15:36,8
871-79-8483,Fashion accessories,1088.886,1,1088.886,2/25/2019,19:39,5
149-71-6266,Sports and travel,903.241,5,4516.205,1/28/2019,12:43,5
640-49-2076,Sports and travel,969.171,3,2907.513,1/10/2019,14:49,6
595-11-5460,Health and beauty,1117.34,2,2234.68,3/15/2019,10:12,6
183-56-6882,Food and beverages,1149.958,5,5749.79,2/6/2019,10:42,8
232-16-2483,Sports and travel,788.037,1,788.037,1/7/2019,12:28,7
129-29-8530,Sports and travel,724.536,5,3622.68,3/10/2019,19:15,7
272-65-1806,Electronic accessories,704.41,1,704.41,1/15/2019,17:17,5
333-73-7901,Health and beauty,635.357,4,2541.428,3/23/2019,13:24,8
777-82-7220,Home and lifestyle,348.388,1,348.388,3/3/2019,13:01,8
280-35-5823,Home and lifestyle,1003.177,3,3009.531,1/17/2019,18:45,8
554-53-8700,Home and lifestyle,649.237,3,1947.711,2/2/2019,10:11,7
354-25-5821,Sports and travel,799.488,1,799.488,2/8/2019,13:03,6
228-96-1411,Food and beverages,1141.63,2,2283.26,3/4/2019,20:39,8
617-15-4209,Health and beauty,178.011,5,890.055,3/16/2019,19:47,8
132-32-9879,Electronic accessories,1086.804,5,5434.02,3/9/2019,18:00,10
370-41-7321,Health and beauty,655.83,3,1967.49,2/27/2019,17:24,9
727-46-3608,Food and beverages,231.449,1,231.449,2/6/2019,15:47,5
669-54-1719,Electronic accessories,218.957,1,218.957,2/10/2019,12:45,9
574-22-5561,Fashion accessories,955.985,3,2867.955,3/19/2019,17:08,8
326-78-5178,Food and beverages,1057.309,4,4229.236,2/3/2019,10:19,10
162-48-8011,Food and beverages,515.989,2,1031.978,2/10/2019,15:10,9
616-24-2851,Fashion accessories,206.812,5,1034.06,3/22/2019,14:42,7
778-71-5554,Fashion accessories,178.705,4,714.82,1/25/2019,15:46,7
242-55-6721,Home and lifestyle,187.033,1,187.033,3/7/2019,11:49,7
399-46-5918,Electronic accessories,994.502,4,3978.008,2/28/2019,19:01,9
106-35-6779,Home and lifestyle,512.866,5,2564.33,3/27/2019,11:26,6
635-40-6220,Health and beauty,1036.489,5,5182.445,2/7/2019,11:28,7
817-48-8732,Home and lifestyle,836.964,5,4184.82,1/20/2019,15:55,6
120-06-4233,Electronic accessories,354.287,2,708.574,3/12/2019,20:36,10
285-68-5083,Sports and travel,286.275,2,572.55,2/15/2019,17:47,10
803-83-5989,Home and lifestyle,644.726,4,2578.904,2/24/2019,10:55,7
347-34-2234,Sports and travel,637.092,3,1911.276,2/3/2019,13:40,10
199-75-8169,Sports and travel,182.869,1,182.869,3/6/2019,12:27,9
853-23-2453,Health and beauty,876.175,4,3504.7,2/14/2019,14:35,8
877-22-3308,Health and beauty,183.563,4,734.252,3/13/2019,16:40,6
838-78-4295,Health and beauty,387.252,4,1549.008,2/10/2019,15:43,7
109-28-2512,Fashion accessories,1129.138,4,4516.552,1/7/2019,15:01,10
232-11-3025,Sports and travel,911.222,1,911.222,1/24/2019,10:04,7
382-03-4532,Health and beauty,212.017,3,636.051,2/2/2019,18:50,5
393-65-2792,Food and beverages,1035.101,2,2070.202,1/6/2019,12:46,10
796-12-2025,Fashion accessories,718.637,1,718.637,2/11/2019,16:19,6
510-95-6347,Food and beverages,561.446,1,561.446,3/5/2019,18:17,4
841-35-6630,Electronic accessories,878.257,1,878.257,3/9/2019,18:21,9
287-21-9091,Home and lifestyle,863.683,2,1727.366,1/22/2019,10:55,10
732-94-0499,Electronic accessories,481.983,4,1927.932,1/13/2019,17:04,6
263-10-3913,Fashion accessories,567.345,1,567.345,1/9/2019,14:20,9
381-20-0914,Fashion accessories,231.449,3,694.347,1/12/2019,15:48,6
829-49-1914,Food and beverages,906.017,2,1812.034,3/5/2019,16:24,7
756-01-7507,Health and beauty,235.96,5,1179.8,1/22/2019,18:56,6
870-72-4431,Health and beauty,1147.529,1,1147.529,1/21/2019,14:42,6
847-38-7188,Food and beverages,1118.381,5,5591.905,1/26/2019,19:56,7
480-63-2856,Food and beverages,222.774,4,891.096,1/23/2019,18:37,7
787-56-0757,Food and beverages,929.613,2,1859.226,2/23/2019,18:45,9
360-39-5055,Sports and travel,565.957,5,2829.785,3/9/2019,10:17,7
730-50-9884,Sports and travel,960.843,2,1921.686,3/5/2019,14:31,4
362-58-8315,Fashion accessories,885.197,1,885.197,3/25/2019,10:23,10
633-44-8566,Food and beverages,571.162,4,2284.648,3/27/2019,20:35,8
504-35-8843,Sports and travel,491.352,3,1474.056,1/2/2019,16:57,6
318-68-5053,Health and beauty,890.749,4,3562.996,2/27/2019,17:55,7
565-80-5980,Home and lifestyle,548.26,5,2741.3,1/23/2019,10:25,8
225-32-0908,Sports and travel,519.112,3,1557.336,1/26/2019,19:54,9
873-51-0671,Sports and travel,254.351,3,763.053,1/10/2019,16:42,6
152-08-9985,Health and beauty,744.662,2,1489.324,3/12/2019,12:09,9
512-91-0811,Health and beauty,1038.224,1,1038.224,2/6/2019,20:05,7
594-34-4444,Electronic accessories,1123.933,2,2247.866,3/8/2019,20:38,8
766-85-7061,Health and beauty,1016.363,5,5081.815,3/29/2019,10:25,6
871-39-9221,Electronic accessories,144.005,3,432.015,2/9/2019,13:11,5
865-92-6136,Food and beverages,610.373,5,3051.865,3/23/2019,10:16,10
733-01-9107,Home and lifestyle,956.679,2,1913.358,3/5/2019,18:14,8
163-56-7055,Fashion accessories,563.528,2,1127.056,3/26/2019,19:20,5
189-98-2939,Fashion accessories,908.793,4,3635.172,3/1/2019,13:22,8
551-21-3069,Electronic accessories,266.843,1,266.843,2/1/2019,11:27,5
212-62-1842,Food and beverages,673.874,5,3369.37,3/28/2019,16:44,10
716-39-1409,Health and beauty,351.164,3,1053.492,3/19/2019,18:19,8
704-48-3927,Electronic accessories,1025.732,4,4102.928,1/12/2019,14:50,8
628-34-3388,Fashion accessories,316.811,3,950.433,1/5/2019,20:54,8
630-74-5166,Sports and travel,718.637,3,2155.911,3/22/2019,20:19,8
588-01-7461,Food and beverages,393.151,3,1179.453,3/24/2019,10:43,5
861-77-0145,Electronic accessories,948.351,4,3793.404,3/3/2019,14:30,10
479-26-8945,Sports and travel,190.85,4,763.4,2/5/2019,11:32,5
210-67-5886,Health and beauty,1136.078,5,5680.39,2/5/2019,10:41,8
227-78-1148,Fashion accessories,842.516,4,3370.064,2/15/2019,12:44,9
645-44-1170,Home and lifestyle,671.792,2,1343.584,1/19/2019,20:07,5
237-01-6122,Home and lifestyle,934.471,1,934.471,2/1/2019,20:31,10
225-98-1496,Fashion accessories,312.647,5,1563.235,3/2/2019,13:01,8
291-32-1427,Fashion accessories,254.004,3,762.012,3/5/2019,12:29,6
659-65-8956,Fashion accessories,594.064,2,1188.128,1/16/2019,15:26,6
642-32-2990,Food and beverages,127.002,2,254.004,2/2/2019,20:48,6
378-24-2715,Home and lifestyle,618.354,5,3091.77,1/20/2019,20:38,5
638-60-7125,Electronic accessories,1151.693,5,5758.465,2/14/2019,17:03,6
659-36-1684,Sports and travel,660.688,1,660.688,1/12/2019,12:02,7
219-22-9386,Sports and travel,1156.204,3,3468.612,3/9/2019,17:26,5
336-78-2147,Home and lifestyle,739.457,4,2957.828,3/13/2019,19:52,5
268-27-6179,Fashion accessories,653.401,2,1306.802,3/9/2019,14:57,8
668-90-8900,Home and lifestyle,1083.681,3,3251.043,3/10/2019,18:44,5
870-54-3162,Sports and travel,373.025,3,1119.075,1/27/2019,13:26,9
189-08-9157,Fashion accessories,367.126,2,734.252,1/8/2019,16:17,6
663-86-9076,Food and beverages,792.895,3,2378.685,1/8/2019,15:57,9
549-84-7482,Sports and travel,1044.47,4,4177.88,2/8/2019,11:15,8
191-10-6171,Fashion accessories,458.387,3,1375.161,1/25/2019,13:18,8
802-70-5316,Sports and travel,1065.637,1,1065.637,3/6/2019,20:34,9
695-51-0018,Sports and travel,403.214,3,1209.642,2/10/2019,18:36,8
590-83-4591,Electronic accessories,1011.505,3,3034.515,2/17/2019,14:40,9
483-71-1164,Health and beauty,940.37,3,2821.11,3/8/2019,16:43,6
597-78-7908,Fashion accessories,1043.776,3,3131.328,2/18/2019,19:39,7
700-81-1757,Electronic accessories,304.319,4,1217.276,1/18/2019,20:59,9
354-39-5160,Home and lifestyle,398.356,4,1593.424,2/18/2019,15:39,10
241-72-9525,Sports and travel,600.657,3,1801.971,2/16/2019,12:21,9
575-30-8091,Sports and travel,838.699,4,3354.796,3/16/2019,19:25,10
731-81-9469,Sports and travel,1038.918,2,2077.836,1/23/2019,13:00,6
280-17-4359,Health and beauty,1046.899,1,1046.899,1/25/2019,13:48,9
338-65-2210,Health and beauty,793.589,5,3967.945,2/5/2019,19:57,10
488-25-4221,Food and beverages,351.858,3,1055.574,2/22/2019,10:36,9
239-10-7476,Home and lifestyle,901.853,5,4509.265,1/21/2019,16:37,8
458-41-1477,Health and beauty,535.074,3,1605.222,3/8/2019,17:11,10
685-64-1609,Fashion accessories,348.735,1,348.735,2/10/2019,12:28,10
568-90-5112,Health and beauty,765.135,5,3825.675,3/19/2019,12:46,6
262-47-2794,Home and lifestyle,831.412,2,1662.824,3/6/2019,15:07,7
238-49-0436,Health and beauty,375.454,3,1126.362,3/27/2019,13:48,5
608-96-3517,Fashion accessories,1059.044,2,2118.088,3/23/2019,19:20,5
584-86-7256,Sports and travel,399.744,2,799.488,3/11/2019,16:07,8
746-94-0204,Fashion accessories,962.925,2,1925.85,1/29/2019,11:56,8
214-17-6927,Food and beverages,190.85,5,954.25,2/7/2019,18:23,10
400-89-4171,Sports and travel,936.553,4,3746.212,1/28/2019,13:05,10
782-95-9291,Food and beverages,1067.719,5,5338.595,2/20/2019,15:55,9
279-74-2924,Electronic accessories,834.882,4,3339.528,1/4/2019,19:40,7
307-85-2293,Home and lifestyle,581.572,1,581.572,3/7/2019,13:58,10
743-04-1105,Health and beauty,1124.627,2,2249.254,3/30/2019,14:43,6
423-57-2993,Sports and travel,1080.211,5,5401.055,3/27/2019,19:18,10
894-41-5205,Food and beverages,499.68,1,499.68,1/19/2019,19:39,9
275-28-0149,Sports and travel,736.681,1,736.681,2/25/2019,16:21,6
101-17-6199,Food and beverages,529.869,2,1059.738,3/13/2019,19:44,7
423-80-0988,Sports and travel,883.809,5,4419.045,1/30/2019,19:42,7
548-46-9322,Food and beverages,461.51,3,1384.53,2/20/2019,15:24,6
505-02-0892,Health and beauty,492.393,2,984.786,2/25/2019,14:12,6
234-65-2137,Home and lifestyle,1105.542,4,4422.168,1/16/2019,13:32,5
687-47-8271,Fashion accessories,1145.1,1,1145.1,2/8/2019,16:20,9
796-32-9050,Food and beverages,593.37,3,1780.11,1/19/2019,16:31,7
105-31-1824,Sports and travel,804.346,2,1608.692,2/1/2019,15:10,9
249-42-3782,Health and beauty,809.898,3,2429.694,1/3/2019,11:36,6
316-55-4634,Food and beverages,926.143,3,2778.429,1/26/2019,12:45,10
733-33-4967,Electronic accessories,241.165,1,241.165,3/3/2019,19:17,7
608-27-6295,Electronic accessories,611.761,1,611.761,1/19/2019,17:34,10
414-12-7047,Food and beverages,229.02,1,229.02,1/18/2019,12:04,9
827-26-2100,Home and lifestyle,391.416,4,1565.664,3/21/2019,16:21,9
175-54-2529,Food and beverages,256.433,2,512.866,3/3/2019,17:01,10
139-52-2867,Fashion accessories,260.597,3,781.791,2/13/2019,10:50,5
407-63-8975,Food and beverages,854.661,3,2563.983,3/23/2019,19:16,5
342-65-4817,Health and beauty,1004.218,4,4016.872,1/28/2019,16:47,10
130-98-8941,Fashion accessories,743.274,2,1486.548,2/9/2019,10:00,6
434-83-9547,Food and beverages,445.201,1,445.201,1/23/2019,11:51,8
851-28-6367,Sports and travel,179.399,2,358.798,3/23/2019,10:55,8
824-88-3614,Health and beauty,396.968,4,1587.872,1/25/2019,15:00,6
586-25-0848,Sports and travel,142.964,3,428.892,3/4/2019,11:19,7
895-66-0685,Food and beverages,209.241,5,1046.205,3/5/2019,19:46,8
305-14-0245,Home and lifestyle,1093.05,5,5465.25,3/3/2019,19:00,8
732-04-5373,Home and lifestyle,537.503,2,1075.006,2/8/2019,10:53,7
400-60-7251,Home and lifestyle,856.743,4,3426.972,2/10/2019,12:50,10
593-65-1552,Home and lifestyle,807.469,3,2422.407,1/28/2019,20:50,6
284-34-9626,Home and lifestyle,891.096,2,1782.192,2/11/2019,10:39,8
437-58-8131,Fashion accessories,850.497,4,3401.988,1/15/2019,13:41,5
286-43-6208,Food and beverages,1015.669,4,4062.676,3/16/2019,19:08,10
641-43-2399,Home and lifestyle,295.644,3,886.932,1/26/2019,20:23,6
831-07-6050,Electronic accessories,378.577,2,757.154,3/19/2019,11:30,10
556-86-3144,Fashion accessories,859.519,5,4297.595,1/13/2019,19:30,5
848-24-9445,Health and beauty,505.579,2,1011.158,3/26/2019,18:03,5
856-22-8149,Home and lifestyle,292.521,1,292.521,3/23/2019,10:13,7
699-01-4164,Health and beauty,480.248,4,1920.992,3/12/2019,19:58,9
420-11-4919,Food and beverages,825.86,3,2477.58,2/17/2019,19:57,6
606-80-4905,Sports and travel,221.733,1,221.733,1/29/2019,10:01,7
542-41-0513,Electronic accessories,665.199,4,2660.796,3/15/2019,11:57,7
426-39-2418,Electronic accessories,710.309,3,2130.927,1/14/2019,10:02,10
875-46-5808,Health and beauty,299.808,1,299.808,2/6/2019,14:51,9
394-43-4238,Home and lifestyle,205.771,4,823.084,2/15/2019,12:42,6
749-24-1565,Health and beauty,266.496,2,532.992,1/3/2019,12:02,8
672-51-8681,Electronic accessories,771.034,1,771.034,1/4/2019,18:19,10
263-87-5680,Home and lifestyle,329.997,1,329.997,3/18/2019,17:38,8
573-58-9734,Fashion accessories,351.511,4,1406.044,3/28/2019,13:41,6
817-69-8206,Electronic accessories,1153.775,2,2307.55,3/2/2019,19:42,7
888-02-0338,Electronic accessories,303.625,2,607.25,1/25/2019,20:24,6
677-11-0152,Food and beverages,1078.823,5,5394.115,1/16/2019,18:08,9
142-63-6033,Home and lifestyle,1068.413,4,4273.652,3/20/2019,19:17,5
656-16-1063,Sports and travel,537.156,2,1074.312,1/4/2019,13:24,5
891-58-8335,Sports and travel,342.489,1,342.489,3/11/2019,15:53,7
802-43-8934,Home and lifestyle,211.67,4,846.68,3/22/2019,15:05,9
560-30-5617,Sports and travel,286.622,3,859.866,3/24/2019,18:27,9
319-74-2561,Electronic accessories,1094.785,1,1094.785,2/21/2019,16:55,6
549-03-9315,Fashion accessories,1097.561,1,1097.561,2/12/2019,12:58,9
790-29-1172,Food and beverages,663.464,5,3317.32,3/10/2019,18:59,8
239-36-3640,Electronic accessories,524.664,1,524.664,1/31/2019,13:44,7
468-01-2051,Food and beverages,718.29,2,1436.58,3/6/2019,13:46,6
389-25-3394,Electronic accessories,136.718,3,410.154,2/17/2019,18:06,10
279-62-1445,Fashion accessories,145.046,1,145.046,2/21/2019,12:38,9
213-72-6612,Food and beverages,500.374,1,500.374,3/20/2019,15:56,7
746-68-6593,Sports and travel,1008.382,5,5041.91,1/11/2019,14:29,10
836-82-5858,Health and beauty,802.611,4,3210.444,1/26/2019,19:14,4
583-72-1480,Electronic accessories,428.892,4,1715.568,1/31/2019,16:24,10
466-61-5506,Electronic accessories,1049.328,5,5246.64,2/26/2019,10:52,6
721-86-6247,Home and lifestyle,733.558,4,2934.232,3/11/2019,12:55,8
289-65-5721,Fashion accessories,941.411,3,2824.233,1/26/2019,19:28,7
545-46-3100,Electronic accessories,122.491,4,489.964,3/12/2019,13:52,9
418-02-5978,Health and beauty,972.641,4,3890.564,2/11/2019,10:54,8
269-04-5750,Fashion accessories,853.967,3,2561.901,2/21/2019,18:31,7
157-13-5295,Health and beauty,601.004,2,1202.008,3/9/2019,18:24,7
645-78-8093,Sports and travel,1077.435,2,2154.87,1/20/2019,18:09,5
211-30-9270,Health and beauty,201.607,3,604.821,1/28/2019,15:16,5
755-12-3214,Fashion accessories,511.478,1,511.478,3/5/2019,17:07,9
346-84-3103,Electronic accessories,153.027,3,459.081,3/2/2019,19:26,5
478-06-7835,Fashion accessories,1037.53,5,5187.65,1/11/2019,11:20,5
540-11-4336,Food and beverages,288.704,1,288.704,1/11/2019,16:49,6
448-81-5016,Health and beauty,691.571,2,1383.142,3/11/2019,12:01,6
142-72-4741,Fashion accessories,1078.129,2,2156.258,2/28/2019,18:37,6
217-58-1179,Home and lifestyle,724.883,5,3624.415,1/5/2019,11:25,5
376-02-8238,Home and lifestyle,1085.763,3,3257.289,2/2/2019,18:42,9
530-90-9855,Home and lifestyle,550.689,4,2202.756,1/1/2019,14:47,6
866-05-7563,Electronic accessories,941.758,5,4708.79,2/9/2019,19:43,5
604-70-6476,Fashion accessories,207.506,5,1037.53,1/23/2019,14:04,7
799-71-1548,Electronic accessories,899.077,1,899.077,1/7/2019,16:11,9
785-13-7708,Food and beverages,845.292,1,845.292,1/14/2019,19:06,5
845-51-0542,Food and beverages,538.544,3,1615.632,2/2/2019,15:34,7
662-47-5456,Fashion accessories,407.031,1,407.031,3/17/2019,19:06,9
883-17-4236,Sports and travel,166.56,4,666.24,3/2/2019,19:44,8
290-68-2984,Home and lifestyle,274.824,3,824.472,3/16/2019,11:22,6
704-11-6354,Home and lifestyle,681.508,4,2726.032,1/6/2019,11:23,9
110-48-7033,Fashion accessories,377.536,1,377.536,1/29/2019,14:12,9
366-93-0948,Electronic accessories,767.564,4,3070.256,1/31/2019,10:46,10
729-09-9681,Home and lifestyle,299.808,5,1499.04,2/5/2019,10:16,9
151-16-1484,Electronic accessories,373.025,1,373.025,2/13/2019,12:38,7
380-94-4661,Electronic accessories,762.706,4,3050.824,2/7/2019,13:05,7
850-41-9669,Electronic accessories,868.194,2,1736.388,3/19/2019,13:25,7
821-07-3596,Fashion accessories,190.503,2,381.006,3/7/2019,14:53,6
655-85-5130,Fashion accessories,443.119,3,1329.357,3/13/2019,19:22,6
447-15-7839,Sports and travel,257.474,1,257.474,2/9/2019,11:00,5
154-74-7179,Sports and travel,629.805,1,629.805,2/26/2019,19:24,8
253-12-6086,Sports and travel,1138.16,3,3414.48,3/12/2019,12:43,9
808-65-0703,Home and lifestyle,410.501,5,2052.505,3/14/2019,17:22,7
571-94-0759,Food and beverages,862.989,3,2588.967,1/8/2019,20:55,10
144-51-6085,Home and lifestyle,818.226,4,3272.904,1/5/2019,16:05,5
731-14-2199,Home and lifestyle,411.195,1,411.195,1/4/2019,13:34,7
783-09-1637,Sports and travel,780.056,4,3120.224,3/6/2019,18:13,7
687-15-1097,Health and beauty,244.288,2,488.576,1/3/2019,19:17,10
126-54-1082,Home and lifestyle,249.146,3,747.438,1/7/2019,11:44,9
633-91-1052,Home and lifestyle,139.147,4,556.588,1/27/2019,15:51,6
477-24-6490,Health and beauty,1153.428,1,1153.428,2/26/2019,16:52,8
566-19-5475,Fashion accessories,554.853,3,1664.559,1/7/2019,20:52,7
526-86-8552,Home and lifestyle,252.616,5,1263.08,1/7/2019,17:36,8
376-56-3573,Fashion accessories,1103.807,5,5519.035,2/2/2019,13:23,7
537-72-0426,Fashion accessories,821.349,3,2464.047,3/20/2019,16:28,6
828-61-5674,Sports and travel,509.396,3,1528.188,3/20/2019,19:57,10
136-08-6195,Home and lifestyle,809.204,5,4046.02,2/15/2019,17:01,7
523-38-0215,Home and lifestyle,428.198,3,1284.594,3/6/2019,13:29,8
490-29-1201,Sports and travel,177.664,2,355.328,1/6/2019,11:09,7
667-92-0055,Health and beauty,1154.816,5,5774.08,3/4/2019,15:02,9
565-17-3836,Health and beauty,551.383,3,1654.149,3/12/2019,14:21,10
498-41-1961,Health and beauty,771.381,3,2314.143,2/20/2019,18:01,8
593-95-4461,Home and lifestyle,866.112,2,1732.224,3/24/2019,14:49,7
226-71-3580,Sports and travel,274.824,5,1374.12,1/31/2019,12:02,10
283-79-9594,Food and beverages,561.099,2,1122.198,1/25/2019,13:30,6
430-60-3493,Home and lifestyle,1097.561,5,5487.805,2/3/2019,14:38,5
139-20-0155,Electronic accessories,466.368,3,1399.104,1/24/2019,17:37,7
558-80-4082,Electronic accessories,322.363,1,322.363,3/14/2019,17:20,6
278-97-7759,Electronic accessories,722.801,2,1445.602,2/18/2019,20:29,5
316-68-6352,Food and beverages,420.564,2,841.128,1/21/2019,10:00,8
585-03-5943,Health and beauty,209.588,3,628.764,3/13/2019,11:46,6
211-05-0490,Electronic accessories,600.657,5,3003.285,3/3/2019,13:42,8
727-75-6477,Electronic accessories,333.814,3,1001.442,3/29/2019,14:44,7
744-02-5987,Home and lifestyle,906.711,5,4533.555,1/10/2019,14:16,6
307-83-9164,Home and lifestyle,694.347,2,1388.694,1/25/2019,15:54,5
779-06-0012,Home and lifestyle,1025.038,4,4100.152,1/19/2019,10:21,8
446-47-6729,Fashion accessories,1154.816,2,2309.632,1/2/2019,18:09,7
573-10-3877,Health and beauty,451.447,1,451.447,3/12/2019,16:46,5
735-06-4124,Food and beverages,562.487,3,1687.461,2/25/2019,15:31,5
439-54-7422,Electronic accessories,592.329,4,2369.316,3/18/2019,17:15,5
396-90-2219,Electronic accessories,173.153,1,173.153,2/23/2019,12:29,9
411-77-0180,Electronic accessories,835.229,4,3340.916,3/26/2019,20:14,5
286-01-5402,Sports and travel,465.327,2,930.654,3/30/2019,13:22,10
803-17-8013,Home and lifestyle,1027.12,3,3081.36,2/17/2019,17:09,5
512-98-1403,Electronic accessories,306.401,5,1532.005,3/21/2019,10:40,5
848-42-2560,Fashion accessories,947.657,1,947.657,3/5/2019,17:43,8
532-59-7201,Sports and travel,924.755,2,1849.51,1/31/2019,14:04,6
181-94-6432,Fashion accessories,801.917,4,3207.668,2/5/2019,19:05,10
870-76-1733,Food and beverages,164.825,1,164.825,2/1/2019,10:08,5
423-64-4619,Health and beauty,180.093,1,180.093,3/7/2019,13:12,5
227-07-4446,Electronic accessories,903.935,2,1807.87,2/10/2019,20:51,5
174-36-3675,Food and beverages,1149.611,3,3448.833,2/14/2019,17:29,6
428-83-5800,Food and beverages,243.941,5,1219.705,2/9/2019,10:25,8
603-07-0961,Electronic accessories,865.071,3,2595.213,1/10/2019,11:34,5
704-20-4138,Health and beauty,343.183,3,1029.549,3/11/2019,18:58,9
787-15-1757,Health and beauty,509.743,5,2548.715,2/18/2019,16:28,9
649-11-3678,Food and beverages,265.455,5,1327.275,2/26/2019,20:26,6
622-20-1945,Health and beauty,455.958,4,1823.832,1/18/2019,15:08,9
372-94-8041,Health and beauty,176.623,4,706.492,2/15/2019,18:03,10
563-91-7120,Fashion accessories,714.473,2,1428.946,3/8/2019,13:21,7
746-54-5508,Home and lifestyle,249.146,3,747.438,1/17/2019,12:48,10
276-54-0879,Sports and travel,1130.526,2,2261.052,3/12/2019,19:53,7
815-11-1168,Food and beverages,1154.122,2,2308.244,3/9/2019,19:09,6
719-76-3868,Food and beverages,1090.274,3,3270.822,3/12/2019,16:30,9
730-61-8757,Health and beauty,591.635,2,1183.27,1/25/2019,10:11,4
340-66-0321,Electronic accessories,420.564,2,841.128,3/25/2019,13:07,8
868-81-1752,Home and lifestyle,254.698,2,509.396,2/7/2019,18:48,7
634-97-8956,Food and beverages,380.659,3,1141.977,2/17/2019,17:27,10
566-71-1091,Fashion accessories,891.096,2,1782.192,2/3/2019,15:59,6
442-48-3607,Food and beverages,271.701,2,543.402,3/14/2019,11:21,8
835-16-0096,Sports and travel,170.03,4,680.12,3/24/2019,13:48,9
527-09-6272,Electronic accessories,329.303,5,1646.515,3/21/2019,10:17,10
898-04-2717,Fashion accessories,883.809,4,3535.236,3/19/2019,15:49,8
692-27-8933,Sports and travel,670.404,2,1340.808,2/24/2019,13:02,6
633-09-3463,Electronic accessories,551.383,4,2205.532,3/28/2019,12:58,10
374-17-3652,Food and beverages,495.516,2,991.032,2/5/2019,15:26,9
378-07-7001,Electronic accessories,556.241,2,1112.482,2/10/2019,18:23,8
433-75-6987,Health and beauty,647.502,2,1295.004,3/5/2019,19:06,9
873-95-4984,Health and beauty,889.708,5,4448.54,2/15/2019,20:21,8
416-13-5917,Food and beverages,1122.545,2,2245.09,1/30/2019,16:24,10
150-89-8043,Sports and travel,516.683,4,2066.732,2/14/2019,15:04,7
135-84-8019,Fashion accessories,901.506,2,1803.012,2/27/2019,16:10,8
441-94-7118,Electronic accessories,832.453,1,832.453,2/4/2019,12:14,8
725-96-3778,Home and lifestyle,1032.325,2,2064.65,1/20/2019,10:13,5
531-80-1784,Electronic accessories,301.196,4,1204.784,3/28/2019,17:38,6
400-45-1220,Health and beauty,156.15,1,156.15,2/27/2019,11:06,5
860-79-0874,Fashion accessories,1148.57,2,2297.14,2/15/2019,14:53,7
834-61-8124,Electronic accessories,597.881,5,2989.405,1/26/2019,18:22,6
115-99-4379,Fashion accessories,633.275,4,2533.1,3/14/2019,19:02,9
565-67-6697,Home and lifestyle,312.3,2,624.6,3/2/2019,14:16,5
320-49-6392,Electronic accessories,349.776,4,1399.104,3/4/2019,15:44,9
889-04-9723,Food and beverages,1031.284,5,5156.42,1/7/2019,12:20,8
632-90-0281,Fashion accessories,434.444,4,1737.776,3/8/2019,20:01,10
554-42-2417,Sports and travel,1104.154,5,5520.77,1/9/2019,13:45,6
453-63-6187,Electronic accessories,318.199,5,1590.995,3/1/2019,15:40,7
578-80-7669,Sports and travel,867.153,1,867.153,3/16/2019,16:58,6
612-36-5536,Food and beverages,936.553,3,2809.659,2/17/2019,11:12,8
605-72-4132,Food and beverages,1092.703,4,4370.812,2/27/2019,15:12,10
471-41-2823,Food and beverages,1154.469,2,2308.938,3/7/2019,20:37,8
462-67-9126,Home and lifestyle,847.027,3,2541.081,1/21/2019,17:44,8
272-27-9238,Food and beverages,477.125,5,2385.625,2/19/2019,16:23,8
834-25-9262,Fashion accessories,944.881,4,3779.524,1/6/2019,12:12,10
122-61-9553,Electronic accessories,593.717,1,593.717,3/14/2019,19:33,6
468-88-0009,Home and lifestyle,762.706,2,1525.412,3/24/2019,10:29,6
613-59-9758,Sports and travel,166.213,5,831.065,1/27/2019,14:28,6
254-31-0042,Electronic accessories,248.799,4,995.196,3/6/2019,12:46,8
201-86-2184,Electronic accessories,303.972,4,1215.888,2/2/2019,19:40,10
261-12-8671,Fashion accessories,705.104,3,2115.312,1/25/2019,19:39,5
730-70-9830,Home and lifestyle,810.939,4,3243.756,3/14/2019,17:54,6
382-25-8917,Fashion accessories,486.841,5,2434.205,1/29/2019,12:25,9
422-29-8786,Home and lifestyle,776.239,5,3881.195,1/3/2019,16:47,10
667-23-5919,Fashion accessories,1118.728,5,5593.64,1/14/2019,12:52,7
843-01-4703,Home and lifestyle,409.46,5,2047.3,1/5/2019,19:50,10
743-88-1662,Sports and travel,1104.501,1,1104.501,2/22/2019,18:17,9
595-86-2894,Fashion accessories,1121.851,3,3365.553,2/6/2019,17:20,10
182-69-8360,Electronic accessories,273.783,4,1095.132,1/30/2019,13:32,4
289-15-7034,Sports and travel,952.515,1,952.515,1/11/2019,10:37,8
462-78-5240,Electronic accessories,307.789,1,307.789,3/19/2019,14:35,5
868-52-7573,Food and beverages,1153.081,2,2306.162,1/14/2019,12:09,10
153-58-4872,Food and beverages,866.459,2,1732.918,3/1/2019,15:32,5
662-72-2873,Food and beverages,473.655,4,1894.62,1/6/2019,13:58,10
525-88-7307,Sports and travel,877.216,3,2631.648,1/31/2019,13:19,6
689-16-9784,Food and beverages,540.973,2,1081.946,3/11/2019,13:37,6
725-56-0833,Health and beauty,374.066,1,374.066,2/20/2019,16:49,10
394-41-0748,Fashion accessories,625.641,1,625.641,1/27/2019,14:55,10
596-42-3999,Food and beverages,210.976,4,843.904,3/10/2019,14:04,7
541-89-9860,Fashion accessories,931.001,5,4655.005,2/15/2019,12:31,9
173-82-9529,Fashion accessories,438.955,2,877.91,1/26/2019,14:51,10
563-36-9814,Electronic accessories,888.667,1,888.667,2/13/2019,18:27,8
308-47-4913,Sports and travel,604.474,2,1208.948,3/9/2019,12:45,7
885-17-6250,Health and beauty,922.326,5,4611.63,3/6/2019,10:36,8
726-27-2396,Health and beauty,896.648,2,1793.296,1/24/2019,20:36,5
316-01-3952,Food and beverages,627.723,1,627.723,3/13/2019,14:16,5
760-54-1821,Home and lifestyle,157.191,2,314.382,3/15/2019,10:26,6
793-10-3222,Health and beauty,475.043,5,2375.215,3/5/2019,13:30,9
346-12-3257,Electronic accessories,222.774,1,222.774,3/4/2019,16:28,8
110-05-6330,Food and beverages,456.305,2,912.61,3/25/2019,20:18,10
651-61-0874,Home and lifestyle,534.727,4,2138.908,3/12/2019,20:04,7
236-86-3015,Home and lifestyle,161.702,1,161.702,2/4/2019,13:38,10
831-64-0259,Fashion accessories,459.775,2,919.55,2/22/2019,10:43,10
587-03-7455,Fashion accessories,1131.22,2,2262.44,2/16/2019,17:30,5
882-40-4577,Sports and travel,777.974,5,3889.87,1/19/2019,15:28,8
732-67-5346,Food and beverages,159.62,3,478.86,1/11/2019,19:07,8
725-32-9708,Fashion accessories,794.977,2,1589.954,1/4/2019,19:01,5
256-08-8343,Home and lifestyle,654.095,3,1962.285,3/4/2019,19:48,6
372-26-1506,Fashion accessories,275.518,3,826.554,1/28/2019,19:24,6
244-08-0162,Health and beauty,395.927,1,395.927,1/2/2019,13:00,6
569-71-4390,Sports and travel,252.963,5,1264.815,1/25/2019,14:29,7
132-23-6451,Health and beauty,242.553,1,242.553,1/4/2019,13:21,8
696-90-2548,Sports and travel,299.114,4,1196.456,3/10/2019,18:55,7
472-15-9636,Home and lifestyle,589.206,4,2356.824,3/22/2019,19:36,10
268-03-6164,Health and beauty,1111.788,3,3335.364,1/25/2019,16:28,8
750-57-9686,Home and lifestyle,525.011,3,1575.033,1/8/2019,13:48,9
186-09-3669,Health and beauty,942.799,3,2828.397,1/22/2019,10:57,10
848-07-1692,Health and beauty,662.076,3,1986.228,1/12/2019,17:13,9
745-71-3520,Electronic accessories,291.827,4,1167.308,2/4/2019,10:23,9
266-76-6436,Food and beverages,446.589,5,2232.945,3/28/2019,13:57,8
740-22-2500,Electronic accessories,972.294,4,3889.176,1/23/2019,13:29,10
271-88-8734,Fashion accessories,1124.627,4,4498.508,2/8/2019,13:00,9
301-81-8610,Fashion accessories,294.256,4,1177.024,3/19/2019,19:42,7
489-64-4354,Fashion accessories,188.421,3,565.263,3/9/2019,15:36,5
198-84-7132,Fashion accessories,469.838,2,939.676,1/2/2019,13:40,7
269-10-8440,Health and beauty,615.231,4,2460.924,1/21/2019,18:01,9
650-98-6268,Food and beverages,241.512,2,483.024,3/20/2019,13:53,8
741-73-3559,Sports and travel,778.321,5,3891.605,2/27/2019,17:27,7
325-77-6186,Home and lifestyle,1048.634,5,5243.17,3/8/2019,10:53,8
286-75-7818,Fashion accessories,799.141,1,799.141,1/31/2019,19:48,7
574-57-9721,Food and beverages,500.721,2,1001.442,3/8/2019,16:53,6
459-50-7686,Electronic accessories,271.354,5,1356.77,1/13/2019,19:14,7
616-87-0016,Fashion accessories,1105.195,2,2210.39,3/9/2019,14:36,10
837-55-7229,Fashion accessories,548.954,5,2744.77,2/22/2019,18:19,7
751-69-0068,Sports and travel,1147.876,1,1147.876,3/19/2019,19:09,9
257-73-1380,Sports and travel,959.455,3,2878.365,1/20/2019,16:51,10
345-08-4992,Home and lifestyle,393.151,1,393.151,3/8/2019,15:37,8
549-96-4200,Food and beverages,197.096,2,394.192,3/8/2019,20:15,7
810-60-6344,Electronic accessories,472.614,1,472.614,2/7/2019,14:38,7
450-28-2866,Food and beverages,201.954,2,403.908,1/15/2019,19:25,9
394-30-3170,Sports and travel,1022.956,3,3068.868,3/22/2019,19:35,5
138-17-5109,Home and lifestyle,1031.978,5,5159.89,1/15/2019,15:42,7
192-98-7397,Fashion accessories,147.822,1,147.822,1/8/2019,14:11,10
301-11-9629,Sports and travel,221.039,1,221.039,1/15/2019,10:43,10
390-80-5128,Health and beauty,221.733,5,1108.665,1/28/2019,17:58,10
235-46-8343,Food and beverages,319.934,5,1599.67,2/14/2019,11:26,9
453-12-7053,Fashion accessories,529.175,4,2116.7,3/10/2019,17:38,7
296-11-7041,Health and beauty,313.341,5,1566.705,1/12/2019,20:07,6
449-27-2918,Sports and travel,452.488,1,452.488,3/26/2019,11:02,10
891-01-7034,Electronic accessories,864.377,2,1728.754,1/1/2019,19:07,7
744-09-5786,Electronic accessories,254.698,3,764.094,1/2/2019,18:50,8
727-17-0390,Food and beverages,735.987,3,2207.961,3/16/2019,12:43,5
568-88-3448,Health and beauty,289.398,5,1446.99,3/3/2019,15:09,6
187-83-5490,Electronic accessories,240.471,5,1202.355,1/31/2019,13:47,5
767-54-1907,Fashion accessories,342.142,1,342.142,2/13/2019,16:59,7
710-46-4433,Food and beverages,895.26,4,3581.04,2/15/2019,14:15,5
533-33-5337,Electronic accessories,918.509,2,1837.018,2/7/2019,20:24,7
325-90-8763,Electronic accessories,538.891,5,2694.455,1/27/2019,13:58,8
729-46-7422,Food and beverages,415.359,2,830.718,2/23/2019,16:52,8
639-76-1242,Food and beverages,468.797,5,2343.985,2/3/2019,15:19,5
234-03-4040,Food and beverages,844.945,5,4224.725,3/3/2019,12:25,9
326-71-2155,Sports and travel,855.355,4,3421.42,2/3/2019,10:02,7
320-32-8842,Food and beverages,261.638,2,523.276,3/17/2019,18:58,7
470-32-9057,Food and beverages,594.064,2,1188.128,3/28/2019,15:31,10
878-30-2331,Sports and travel,631.193,1,631.193,3/2/2019,11:22,8
440-59-5691,Health and beauty,429.933,2,859.866,2/8/2019,13:12,8
554-53-3790,Sports and travel,428.198,5,2140.99,3/22/2019,18:33,5
746-19-0921,Food and beverages,249.84,5,1249.2,2/9/2019,10:02,8
233-34-0817,Electronic accessories,1143.365,1,1143.365,2/15/2019,11:21,9
767-05-1286,Home and lifestyle,969.171,3,2907.513,1/23/2019,12:10,6
340-21-9136,Sports and travel,463.245,4,1852.98,1/25/2019,11:40,10
405-31-3305,Fashion accessories,498.986,1,498.986,2/2/2019,18:31,6
731-59-7531,Health and beauty,839.393,4,3357.572,3/30/2019,17:58,5
676-39-6028,Electronic accessories,745.356,5,3726.78,3/30/2019,17:04,7
502-05-1910,Health and beauty,754.031,3,2262.093,2/25/2019,20:35,7
485-30-8700,Sports and travel,384.823,3,1154.469,3/18/2019,16:10,5
598-47-9715,Electronic accessories,972.641,2,1945.282,3/7/2019,16:54,5
701-69-8742,Sports and travel,397.662,3,1192.986,3/16/2019,10:11,7
575-67-1508,Electronic accessories,446.589,1,446.589,1/29/2019,11:26,7
541-08-3113,Food and beverages,763.053,1,763.053,2/2/2019,20:29,9
246-11-3901,Electronic accessories,379.618,3,1138.854,2/15/2019,12:12,7
674-15-9296,Sports and travel,429.586,5,2147.93,1/8/2019,13:05,5
305-18-3552,Home and lifestyle,698.511,4,2794.044,2/12/2019,16:19,6
493-65-6248,Sports and travel,427.851,1,427.851,1/1/2019,19:48,7
438-01-4015,Sports and travel,572.55,3,1717.65,3/21/2019,15:25,7
709-58-4068,Fashion accessories,475.39,1,475.39,2/28/2019,14:42,8
795-49-7276,Fashion accessories,429.933,4,1719.732,3/23/2019,18:59,9
556-72-8512,Home and lifestyle,265.802,4,1063.208,1/30/2019,20:47,5
627-95-3243,Home and lifestyle,898.73,5,4493.65,2/4/2019,13:21,10
686-41-0932,Fashion accessories,401.479,5,2007.395,3/13/2019,19:48,9
510-09-5628,Fashion accessories,227.632,2,455.264,3/15/2019,18:20,8
608-04-3797,Health and beauty,292.868,5,1464.34,3/5/2019,20:24,9
148-82-2527,Home and lifestyle,140.188,5,700.94,3/5/2019,13:44,9
437-53-3084,Fashion accessories,1155.51,1,1155.51,2/26/2019,11:48,8
632-32-4574,Sports and travel,878.257,3,2634.771,3/20/2019,14:14,6
556-97-7101,Electronic accessories,731.476,1,731.476,1/1/2019,15:51,9
862-59-8517,Food and beverages,1043.776,1,1043.776,1/27/2019,11:17,7
401-18-8016,Sports and travel,1135.037,4,4540.148,1/21/2019,17:36,9
420-18-8989,Sports and travel,596.146,5,2980.73,2/2/2019,15:47,10
277-63-2961,Sports and travel,855.702,4,3422.808,2/3/2019,15:53,6
573-98-8548,Fashion accessories,369.208,3,1107.624,1/5/2019,12:40,10
620-02-2046,Home and lifestyle,802.958,3,2408.874,1/27/2019,19:48,9
282-35-2475,Sports and travel,1079.517,5,5397.585,3/25/2019,17:53,7
511-54-3087,Sports and travel,1023.303,4,4093.212,2/25/2019,16:36,10
726-29-6793,Electronic accessories,279.682,2,559.364,1/28/2019,20:54,10
387-49-4215,Sports and travel,561.099,5,2805.495,1/8/2019,12:50,7
862-17-9201,Food and beverages,972.294,4,3889.176,1/29/2019,10:48,8
291-21-5991,Health and beauty,708.921,3,2126.763,3/29/2019,14:28,7
602-80-9671,Home and lifestyle,184.604,3,553.812,2/9/2019,17:15,6
347-72-6115,Sports and travel,1049.675,4,4198.7,1/16/2019,18:03,7
209-61-0206,Home and lifestyle,496.557,1,496.557,1/5/2019,17:29,7
595-27-4851,Fashion accessories,628.07,4,2512.28,1/27/2019,18:05,10
189-52-0236,Electronic accessories,1151.693,4,4606.772,3/14/2019,12:07,8
503-07-0930,Sports and travel,675.609,4,2702.436,2/23/2019,19:49,9
413-20-6708,Fashion accessories,595.452,3,1786.356,3/18/2019,15:52,9
425-85-2085,Health and beauty,634.663,2,1269.326,3/29/2019,16:48,10
521-18-7827,Home and lifestyle,455.611,4,1822.444,1/22/2019,20:46,9
220-28-1851,Home and lifestyle,401.826,4,1607.304,3/1/2019,18:14,10
600-38-9738,Sports and travel,832.106,4,3328.424,1/17/2019,15:05,5
734-91-1155,Electronic accessories,528.828,4,2115.312,3/26/2019,10:34,8
451-28-5717,Home and lifestyle,962.231,2,1924.462,3/20/2019,11:23,8
609-81-8548,Home and lifestyle,433.056,4,1732.224,2/6/2019,13:55,6
133-14-7229,Health and beauty,727.312,4,2909.248,1/1/2019,11:43,5
534-01-4457,Food and beverages,945.228,5,4726.14,1/27/2019,14:36,8
719-89-8991,Sports and travel,1057.309,2,2114.618,2/25/2019,16:03,8
286-62-6248,Fashion accessories,453.529,3,1360.587,1/16/2019,20:03,9
339-38-9982,Fashion accessories,692.612,4,2770.448,1/13/2019,14:55,7
827-44-5872,Food and beverages,628.764,4,2515.056,2/7/2019,11:28,7
827-77-7633,Sports and travel,1134.69,3,3404.07,2/17/2019,19:41,10
287-83-1405,Health and beauty,294.256,2,588.512,2/12/2019,19:01,7
435-13-4908,Fashion accessories,1002.83,2,2005.66,1/24/2019,18:04,8
857-67-9057,Electronic accessories,265.455,5,1327.275,2/6/2019,19:20,9
236-27-1144,Food and beverages,188.768,5,943.84,3/26/2019,10:31,9
892-05-6689,Home and lifestyle,327.568,1,327.568,3/11/2019,13:28,7
583-41-4548,Home and lifestyle,192.932,4,771.728,2/7/2019,11:36,8
339-12-4827,Fashion accessories,855.702,4,3422.808,1/5/2019,11:32,5
643-38-7867,Home and lifestyle,1132.955,1,1132.955,3/7/2019,11:44,7
308-81-0538,Fashion accessories,844.945,2,1689.89,2/25/2019,17:16,5
358-88-9262,Food and beverages,1011.852,5,5059.26,2/1/2019,18:43,6
460-35-4390,Home and lifestyle,354.981,5,1774.905,1/22/2019,11:00,10
343-87-0864,Health and beauty,877.91,4,3511.64,1/3/2019,10:30,8
173-50-1108,Sports and travel,233.531,5,1167.655,2/13/2019,12:14,5
243-47-2663,Electronic accessories,217.222,5,1086.11,1/28/2019,16:43,6
841-18-8232,Food and beverages,823.778,4,3295.112,1/5/2019,20:40,10
701-23-5550,Home and lifestyle,449.018,5,2245.09,3/19/2019,13:40,5
647-50-1224,Fashion accessories,340.407,2,680.814,1/12/2019,16:23,9
541-48-8554,Sports and travel,705.104,3,2115.312,1/7/2019,12:08,6
539-21-7227,Sports and travel,596.146,5,2980.73,1/26/2019,17:45,5
213-32-1216,Electronic accessories,764.094,3,2292.282,1/23/2019,10:28,8
747-58-7183,Fashion accessories,662.423,3,1987.269,2/9/2019,20:31,7
582-52-8065,Fashion accessories,628.417,1,628.417,2/22/2019,10:49,9
210-57-1719,Health and beauty,673.874,4,2695.496,2/5/2019,12:34,10
399-69-4630,Electronic accessories,257.127,2,514.254,3/7/2019,10:23,9
134-75-2619,Electronic accessories,223.468,3,670.404,3/25/2019,18:51,7
356-44-8813,Home and lifestyle,433.75,1,433.75,1/20/2019,13:45,8
198-66-9832,Fashion accessories,833.494,3,2500.482,2/4/2019,19:38,10
283-26-5248,Food and beverages,1139.548,3,3418.644,1/30/2019,20:23,5
712-39-0363,Food and beverages,481.983,2,963.966,1/2/2019,15:24,6
218-59-9410,Home and lifestyle,837.658,3,2512.974,3/29/2019,16:54,9
174-75-0888,Electronic accessories,249.84,3,749.52,3/14/2019,12:32,8
866-99-7614,Food and beverages,1031.978,4,4127.912,2/11/2019,15:42,5
134-54-4720,Electronic accessories,490.658,4,1962.632,1/30/2019,13:58,6
760-90-2357,Electronic accessories,861.948,3,2585.844,3/20/2019,15:08,5
514-37-2845,Fashion accessories,1148.223,4,4592.892,3/20/2019,13:02,9
698-98-5964,Food and beverages,939.329,5,4696.645,1/17/2019,13:01,7
718-57-9773,Sports and travel,570.815,1,570.815,2/3/2019,16:40,10
651-88-7328,Fashion accessories,760.624,2,1521.248,1/1/2019,13:55,8
241-11-2261,Fashion accessories,923.714,2,1847.428,1/10/2019,10:33,6
408-26-9866,Sports and travel,855.702,4,3422.808,3/2/2019,16:42,5
834-83-1826,Home and lifestyle,949.045,2,1898.09,2/25/2019,17:16,8
343-61-3544,Sports and travel,308.483,5,1542.415,1/29/2019,11:48,9
239-48-4278,Food and beverages,117.286,2,234.572,3/10/2019,19:35,9
355-34-6244,Food and beverages,837.311,1,837.311,1/13/2019,19:55,9
550-84-8664,Sports and travel,993.808,3,2981.424,3/22/2019,14:33,9
339-96-8318,Fashion accessories,940.717,4,3762.868,3/1/2019,19:49,7
458-61-0011,Food and beverages,697.47,3,2092.41,2/20/2019,18:43,6
592-34-6155,Food and beverages,367.473,4,1469.892,1/14/2019,14:43,7
797-88-0493,Health and beauty,743.621,2,1487.242,3/26/2019,13:54,8
207-73-1363,Health and beauty,803.999,5,4019.995,3/1/2019,12:15,9
390-31-6381,Food and beverages,315.076,4,1260.304,1/7/2019,12:37,8
443-82-0585,Health and beauty,898.73,2,1797.46,2/1/2019,19:54,9
339-18-7061,Fashion accessories,1075.7,4,4302.8,2/13/2019,15:06,8
359-90-3665,Fashion accessories,209.241,4,836.964,1/14/2019,18:03,10
375-72-3056,Sports and travel,729.394,1,729.394,1/19/2019,15:58,7
127-47-6963,Health and beauty,598.228,5,2991.14,3/9/2019,13:53,10
278-86-2735,Food and beverages,605.515,4,2422.06,3/27/2019,14:03,10
695-28-6250,Sports and travel,498.292,1,498.292,2/4/2019,16:38,8
379-17-6588,Fashion accessories,689.489,2,1378.978,3/14/2019,11:07,6
227-50-3718,Health and beauty,169.336,2,338.672,3/4/2019,12:23,5
302-15-2162,Health and beauty,538.197,1,538.197,3/3/2019,10:54,5
788-07-8452,Home and lifestyle,280.376,4,1121.504,1/27/2019,17:38,10
560-49-6611,Sports and travel,527.44,5,2637.2,2/7/2019,14:13,10
880-35-0356,Sports and travel,869.929,2,1739.858,2/5/2019,11:51,5
585-11-6748,Sports and travel,1119.769,5,5598.845,3/15/2019,13:05,6
470-31-3286,Health and beauty,171.418,2,342.836,3/1/2019,11:30,9
152-68-2907,Food and beverages,603.78,5,3018.9,2/15/2019,13:30,10
123-35-4896,Sports and travel,539.932,4,2159.728,2/17/2019,19:11,6
258-69-7810,Fashion accessories,426.463,1,426.463,1/26/2019,18:53,10
334-64-2006,Home and lifestyle,813.368,2,1626.736,3/24/2019,14:22,10
219-61-4139,Electronic accessories,961.19,1,961.19,1/23/2019,17:16,7
881-41-7302,Fashion accessories,751.949,4,3007.796,1/26/2019,10:06,5
373-09-4567,Food and beverages,897.342,3,2692.026,3/14/2019,20:35,7
642-30-6693,Sports and travel,630.499,5,3152.495,3/17/2019,13:54,8
484-22-8230,Fashion accessories,600.31,4,2401.24,1/8/2019,20:08,5
830-58-2383,Home and lifestyle,367.473,4,1469.892,2/8/2019,15:26,9
559-98-9873,Fashion accessories,620.783,3,1862.349,2/10/2019,12:56,6
544-32-5024,Food and beverages,576.02,4,2304.08,3/28/2019,19:16,7
318-12-0304,Fashion accessories,354.287,4,1417.148,1/23/2019,12:20,6
349-97-8902,Food and beverages,669.71,4,2678.84,1/17/2019,10:37,9
421-95-9805,Electronic accessories,335.202,5,1676.01,2/7/2019,10:18,7
277-35-5865,Food and beverages,1144.753,2,2289.506,3/9/2019,11:23,7
789-23-8625,Fashion accessories,1078.476,4,4313.904,1/24/2019,11:45,8
284-54-4231,Sports and travel,936.206,1,936.206,1/19/2019,16:08,9
443-59-0061,Food and beverages,780.403,2,1560.806,2/3/2019,11:25,5
509-29-3912,Sports and travel,447.977,4,1791.908,3/20/2019,12:24,5
327-40-9673,Sports and travel,839.74,3,2519.22,1/13/2019,19:51,7
840-19-2096,Electronic accessories,1017.057,3,3051.171,3/14/2019,18:10,5
828-46-6863,Food and beverages,1139.895,4,4559.58,1/23/2019,11:22,4
641-96-3695,Fashion accessories,502.803,3,1508.409,2/7/2019,17:55,9
420-97-3340,Food and beverages,829.33,2,1658.66,3/28/2019,15:30,10
436-54-4512,Food and beverages,1059.738,1,1059.738,3/20/2019,19:44,10
670-79-6321,Home and lifestyle,1094.091,2,2188.182,1/17/2019,15:27,5
852-62-7105,Fashion accessories,962.925,2,1925.85,1/12/2019,11:25,5
598-06-7312,Fashion accessories,1056.615,1,1056.615,2/16/2019,15:42,7
135-13-8269,Food and beverages,912.61,1,912.61,1/26/2019,16:04,10
816-57-2053,Sports and travel,704.063,4,2816.252,3/9/2019,12:37,9
628-90-8624,Health and beauty,955.291,5,4776.455,3/14/2019,14:41,5
856-66-2701,Home and lifestyle,616.619,5,3083.095,1/25/2019,14:19,8
308-39-1707,Fashion accessories,139.841,2,279.682,1/26/2019,18:19,9
149-61-1929,Sports and travel,742.58,4,2970.32,1/19/2019,14:08,7
655-07-2265,Electronic accessories,906.017,4,3624.068,3/5/2019,16:38,6
589-02-8023,Food and beverages,969.171,2,1938.342,1/15/2019,10:54,7
420-04-7590,Home and lifestyle,1153.428,3,3460.284,3/18/2019,11:29,5
182-88-2763,Food and beverages,924.408,4,3697.632,3/20/2019,19:28,5
188-55-0967,Health and beauty,768.952,4,3075.808,1/15/2019,15:01,5
610-46-4100,Health and beauty,334.855,4,1339.42,3/3/2019,20:31,6
318-81-2368,Electronic accessories,534.38,1,534.38,3/19/2019,12:16,7
364-33-8584,Food and beverages,204.036,1,204.036,3/8/2019,15:27,9
665-63-9737,Fashion accessories,606.556,3,1819.668,2/27/2019,17:36,8
695-09-5146,Food and beverages,1142.671,4,4570.684,2/23/2019,20:00,7
155-45-3814,Electronic accessories,1024.344,1,1024.344,3/19/2019,15:29,5
794-32-2436,Electronic accessories,644.032,3,1932.096,3/27/2019,15:08,6
131-15-8856,Food and beverages,839.046,4,3356.184,3/30/2019,19:26,4
273-84-2164,Electronic accessories,139.494,3,418.482,2/16/2019,15:53,6
706-36-6154,Home and lifestyle,224.162,4,896.648,1/18/2019,18:43,9
778-89-7974,Health and beauty,812.327,3,2436.981,3/30/2019,14:58,8
574-31-8277,Fashion accessories,388.987,2,777.974,3/20/2019,19:55,6
859-71-0933,Sports and travel,179.399,4,717.596,1/16/2019,15:10,7
740-11-5257,Electronic accessories,286.275,1,286.275,2/24/2019,16:44,8
369-82-2676,Electronic accessories,875.134,2,1750.268,1/15/2019,18:22,8
563-47-4072,Health and beauty,645.767,3,1937.301,1/22/2019,11:52,10
742-04-5161,Home and lifestyle,841.822,5,4209.11,2/3/2019,17:24,8
149-15-7606,Sports and travel,431.668,3,1295.004,3/6/2019,15:31,6
133-77-3154,Fashion accessories,696.082,4,2784.328,2/16/2019,18:04,10
169-52-4504,Electronic accessories,181.481,2,362.962,3/14/2019,14:13,6
250-81-7186,Electronic accessories,1153.081,3,3459.243,2/27/2019,10:23,8
562-12-5430,Fashion accessories,1019.833,3,3059.499,1/18/2019,10:11,8
816-72-8853,Sports and travel,323.057,1,323.057,1/29/2019,15:48,6
491-38-3499,Fashion accessories,641.603,5,3208.015,2/26/2019,17:46,5
322-02-2271,Sports and travel,497.251,4,1989.004,2/3/2019,11:46,10
842-29-4695,Sports and travel,198.484,2,396.968,1/16/2019,12:07,8
725-67-2480,Fashion accessories,679.773,4,2719.092,3/24/2019,18:14,6
641-51-2661,Food and beverages,1007.688,5,5038.44,2/12/2019,14:45,10
714-02-3114,Sports and travel,1143.018,4,4572.072,2/21/2019,11:39,8
518-17-2983,Fashion accessories,562.487,4,2249.948,2/4/2019,15:44,8
779-42-2410,Food and beverages,667.975,2,1335.95,2/20/2019,13:06,8
190-14-3147,Health and beauty,207.853,2,415.706,2/23/2019,20:43,7
408-66-6712,Health and beauty,552.077,5,2760.385,2/16/2019,14:19,5
679-22-6530,Sports and travel,469.838,5,2349.19,1/17/2019,10:01,5
588-47-8641,Fashion accessories,648.196,2,1296.392,1/14/2019,19:30,5
642-61-4706,Food and beverages,1080.558,4,4322.232,3/30/2019,16:34,6
576-31-4774,Health and beauty,849.109,4,3396.436,3/2/2019,13:10,4
556-41-6224,Health and beauty,389.334,5,1946.67,2/15/2019,17:10,10
811-03-8790,Electronic accessories,526.052,4,2104.208,3/1/2019,10:22,5
242-11-3142,Fashion accessories,969.171,4,3876.684,2/24/2019,19:57,5
752-23-3760,Sports and travel,741.192,4,2964.768,2/19/2019,19:29,8
274-05-5470,Food and beverages,849.803,1,849.803,2/23/2019,18:30,6
648-94-3045,Health and beauty,681.855,5,3409.275,2/7/2019,14:27,9
130-67-4723,Food and beverages,561.099,4,2244.396,1/11/2019,13:57,10
528-87-5606,Electronic accessories,456.652,1,456.652,2/12/2019,19:43,7
320-85-2052,Sports and travel,402.867,4,1611.468,1/14/2019,10:11,7
370-96-0655,Fashion accessories,570.468,3,1711.404,1/9/2019,13:46,8
105-10-6182,Fashion accessories,248.452,1,248.452,2/27/2019,12:22,7
510-79-0415,Sports and travel,267.19,4,1068.76,1/24/2019,19:20,5
241-96-5076,Home and lifestyle,568.039,2,1136.078,1/8/2019,12:58,7
767-97-4650,Sports and travel,749.867,2,1499.734,1/8/2019,11:59,8
648-83-1321,Home and lifestyle,735.293,3,2205.879,1/16/2019,17:59,5
173-57-2300,Sports and travel,843.21,5,4216.05,3/13/2019,12:51,7
305-03-2383,Food and beverages,776.239,4,3104.956,2/15/2019,10:36,8
394-55-6384,Sports and travel,811.98,3,2435.94,1/25/2019,13:38,7
266-20-6657,Food and beverages,636.745,1,636.745,3/12/2019,19:39,6
689-05-1884,Health and beauty,562.487,5,2812.435,3/4/2019,12:44,9
196-01-2849,Fashion accessories,848.762,5,4243.81,2/10/2019,13:56,10
372-62-5264,Food and beverages,608.638,2,1217.276,1/16/2019,14:42,8
800-09-8606,Home and lifestyle,1010.811,2,2021.622,1/29/2019,19:45,7
182-52-7000,Sports and travel,312.994,4,1251.976,1/1/2019,20:26,7
826-58-8051,Home and lifestyle,719.331,2,1438.662,1/6/2019,19:46,5
868-06-0466,Electronic accessories,805.04,3,2415.12,2/19/2019,19:38,8
751-41-9720,Home and lifestyle,1127.75,3,3383.25,1/12/2019,16:18,8
626-43-7888,Fashion accessories,698.858,3,2096.574,2/7/2019,12:23,10
176-64-7711,Food and beverages,374.066,3,1122.198,3/27/2019,19:11,5
191-29-0321,Fashion accessories,228.673,1,228.673,2/27/2019,18:57,5
729-06-2010,Health and beauty,931.001,1,931.001,1/6/2019,11:18,10
640-48-5028,Home and lifestyle,1022.609,4,4090.436,3/2/2019,12:40,7
186-79-9562,Health and beauty,830.371,4,3321.484,3/29/2019,14:06,9
834-45-5519,Electronic accessories,497.598,5,2487.99,1/31/2019,20:48,8
162-65-8559,Food and beverages,798.1,3,2394.3,1/21/2019,20:13,5
760-27-5490,Fashion accessories,180.787,1,180.787,1/20/2019,20:37,10
445-30-9252,Sports and travel,297.379,3,892.137,1/17/2019,17:59,7
786-94-2700,Food and beverages,932.736,1,932.736,2/28/2019,20:18,10
728-88-7867,Home and lifestyle,873.746,5,4368.73,3/19/2019,15:52,9
183-21-3799,Electronic accessories,898.036,3,2694.108,2/19/2019,15:14,8
268-20-3585,Health and beauty,160.314,2,320.628,2/4/2019,12:50,6
735-32-9839,Fashion accessories,1141.63,1,1141.63,1/31/2019,10:36,9
258-92-7466,Health and beauty,412.93,2,825.86,2/6/2019,18:33,7
857-16-3520,Fashion accessories,826.554,5,4132.77,3/28/2019,16:06,5
482-17-1179,Electronic accessories,138.106,3,414.318,1/19/2019,12:47,9
788-21-5741,Fashion accessories,525.011,5,2625.055,2/17/2019,13:34,8
821-14-9046,Fashion accessories,202.301,4,809.204,1/18/2019,15:04,7
418-05-0656,Fashion accessories,295.644,2,591.288,2/2/2019,20:42,8
678-79-0726,Sports and travel,1048.287,3,3144.861,1/18/2019,15:28,6
776-68-1096,Home and lifestyle,510.437,2,1020.874,3/18/2019,13:45,8
592-46-1692,Food and beverages,425.422,3,1276.266,1/11/2019,20:10,8
434-35-9162,Food and beverages,269.966,2,539.932,2/4/2019,18:53,8
149-14-0304,Health and beauty,329.65,1,329.65,2/6/2019,14:24,7
442-44-6497,Home and lifestyle,642.991,4,2571.964,1/8/2019,11:42,6
174-64-0215,Sports and travel,806.775,2,1613.55,3/5/2019,17:49,9
210-74-9613,Fashion accessories,1124.974,1,1124.974,3/16/2019,15:33,7
299-29-0180,Home and lifestyle,603.78,1,603.78,3/9/2019,10:54,10
247-11-2470,Fashion accessories,258.168,1,258.168,3/1/2019,16:23,5
635-28-5728,Health and beauty,647.849,2,1295.698,2/28/2019,19:33,5
756-49-0168,Fashion accessories,227.979,4,911.916,2/8/2019,11:39,10
438-23-1242,Electronic accessories,877.91,2,1755.82,1/24/2019,10:38,9
238-45-6950,Food and beverages,621.477,2,1242.954,3/1/2019,20:03,7
607-65-2441,Health and beauty,948.004,3,2844.012,3/10/2019,12:39,6
386-27-7606,Home and lifestyle,939.329,1,939.329,3/23/2019,15:59,9
137-63-5492,Electronic accessories,679.773,2,1359.546,1/29/2019,14:26,9
197-77-7132,Electronic accessories,1059.044,1,1059.044,1/12/2019,18:22,6
805-86-0265,Home and lifestyle,1086.804,5,5434.02,3/20/2019,11:32,10
733-29-1227,Home and lifestyle,643.338,3,1930.014,3/23/2019,12:41,9
451-73-2711,Food and beverages,981.316,3,2943.948,1/14/2019,15:20,9
373-14-0504,Sports and travel,828.636,5,4143.18,2/12/2019,14:33,9
546-80-2899,Home and lifestyle,436.179,4,1744.716,2/20/2019,15:29,10
345-68-9016,Sports and travel,366.432,1,366.432,1/2/2019,16:19,6
390-17-5806,Food and beverages,444.507,5,2222.535,2/2/2019,16:33,9
457-13-1708,Fashion accessories,754.725,2,1509.45,1/8/2019,19:07,6
664-14-2882,Home and lifestyle,121.797,3,365.391,1/30/2019,14:43,6
487-79-6868,Home and lifestyle,142.27,4,569.08,3/26/2019,19:28,8
314-23-4520,Health and beauty,939.676,3,2819.028,1/15/2019,20:44,9
210-30-7976,Fashion accessories,258.168,2,516.336,3/14/2019,11:16,5
585-86-8361,Food and beverages,315.77,5,1578.85,2/3/2019,10:31,9
807-14-7833,Electronic accessories,201.607,4,806.428,2/22/2019,12:30,7
775-72-1988,Home and lifestyle,847.721,2,1695.442,1/24/2019,15:05,9
288-38-3758,Fashion accessories,981.663,2,1963.326,1/25/2019,18:30,8
652-43-6591,Fashion accessories,1125.321,3,3375.963,3/9/2019,13:18,7
785-96-0615,Electronic accessories,413.624,3,1240.872,2/17/2019,15:28,5
406-46-7107,Home and lifestyle,1116.646,2,2233.292,1/11/2019,11:52,5
250-17-5703,Food and beverages,218.263,5,1091.315,2/27/2019,18:24,6
156-95-3964,Food and beverages,640.909,1,640.909,3/25/2019,15:19,8
842-40-8179,Food and beverages,893.178,4,3572.712,2/11/2019,10:38,6
525-09-8450,Electronic accessories,834.535,3,2503.605,1/31/2019,15:12,5
410-67-1709,Fashion accessories,739.11,2,1478.22,1/20/2019,17:48,10
587-73-4862,Health and beauty,123.879,1,123.879,3/26/2019,11:07,8
787-87-2010,Health and beauty,641.95,2,1283.9,1/20/2019,15:48,7
593-14-4239,Home and lifestyle,1104.154,2,2208.308,3/5/2019,19:40,5
801-88-0346,Fashion accessories,879.992,5,4399.96,1/5/2019,20:30,10
388-76-2555,Sports and travel,158.579,3,475.737,2/13/2019,13:59,7
711-31-1234,Electronic accessories,1106.236,1,1106.236,3/16/2019,18:51,8
886-54-6089,Home and lifestyle,132.207,3,396.621,1/15/2019,17:24,8
707-32-7409,Sports and travel,1105.195,1,1105.195,2/26/2019,11:58,5
759-98-4285,Health and beauty,993.461,3,2980.383,2/27/2019,19:01,8
201-63-8275,Sports and travel,786.649,2,1573.298,2/17/2019,16:50,6
471-06-8611,Food and beverages,606.556,3,1819.668,2/6/2019,10:22,7
200-16-5952,Food and beverages,759.583,2,1519.166,1/17/2019,16:46,6
120-54-2248,Food and beverages,333.814,1,333.814,1/22/2019,18:08,8
102-77-2261,Health and beauty,755.419,5,3777.095,3/5/2019,18:02,5
875-31-8302,Sports and travel,1080.211,4,4320.844,1/3/2019,13:07,10
102-06-2002,Sports and travel,292.174,4,1168.696,3/20/2019,17:52,7
457-94-0464,Electronic accessories,1016.363,5,5081.815,1/31/2019,20:32,6
629-42-4133,Health and beauty,252.269,3,756.807,2/19/2019,19:24,9
534-53-3526,Sports and travel,1096.173,1,1096.173,2/11/2019,16:06,8
307-04-2070,Fashion accessories,354.287,3,1062.861,2/5/2019,14:14,5
468-99-7231,Home and lifestyle,509.049,3,1527.147,3/3/2019,17:36,9
516-77-6464,Health and beauty,117.633,2,235.266,2/24/2019,13:08,5
404-91-5964,Electronic accessories,862.642,3,2587.926,2/4/2019,16:09,9
886-77-9084,Electronic accessories,831.759,5,4158.795,2/19/2019,11:33,6
790-38-4466,Health and beauty,127.349,4,509.396,1/23/2019,10:18,10
704-10-4056,Health and beauty,699.552,1,699.552,1/14/2019,10:55,6
497-37-6538,Sports and travel,681.508,5,3407.54,1/17/2019,15:15,10
651-96-5970,Fashion accessories,536.809,5,2684.045,3/3/2019,20:06,4
400-80-4065,Health and beauty,792.895,2,1585.79,2/15/2019,20:21,10
744-16-7898,Home and lifestyle,1126.362,3,3379.086,1/15/2019,13:48,5
263-12-5321,Electronic accessories,1071.189,4,4284.756,2/27/2019,12:52,10
702-72-0487,Electronic accessories,539.238,5,2696.19,2/26/2019,12:28,7
605-83-1050,Fashion accessories,314.382,1,314.382,3/15/2019,16:26,5
443-60-9639,Home and lifestyle,704.063,3,2112.189,1/24/2019,13:24,6
864-24-7918,Sports and travel,283.499,2,566.998,2/22/2019,15:15,9
359-94-5395,Health and beauty,1073.271,1,1073.271,3/15/2019,10:50,10
401-09-4232,Home and lifestyle,1002.83,5,5014.15,2/11/2019,18:38,10
751-15-6198,Sports and travel,266.149,5,1330.745,1/12/2019,16:45,8
324-41-6833,Electronic accessories,349.429,2,698.858,3/3/2019,19:30,6
474-33-8305,Fashion accessories,779.709,3,2339.127,3/23/2019,13:23,7
759-29-9521,Fashion accessories,566.304,1,566.304,3/4/2019,11:27,8
831-81-6575,Electronic accessories,874.44,2,1748.88,2/23/2019,11:12,8
220-68-6701,Home and lifestyle,896.301,5,4481.505,3/17/2019,16:36,5
618-34-8551,Sports and travel,1077.782,3,3233.346,1/16/2019,18:41,9
257-60-7754,Electronic accessories,581.225,1,581.225,1/8/2019,17:12,9
559-61-5987,Health and beauty,205.424,3,616.272,1/14/2019,10:38,9
189-55-2313,Fashion accessories,719.331,4,2877.324,1/31/2019,10:33,6
565-91-4567,Health and beauty,124.573,1,124.573,3/15/2019,14:38,7
380-60-5336,Electronic accessories,465.674,1,465.674,2/24/2019,18:06,5
815-04-6282,Sports and travel,751.602,5,3758.01,2/8/2019,12:52,7
674-56-6360,Electronic accessories,1100.684,5,5503.42,3/22/2019,14:00,6
778-34-2523,Electronic accessories,562.487,2,1124.974,1/24/2019,10:57,5
499-27-7781,Food and beverages,615.578,2,1231.156,3/14/2019,16:45,5
477-59-2456,Fashion accessories,525.705,3,1577.115,1/23/2019,11:15,10
832-51-6761,Food and beverages,392.11,5,1960.55,1/19/2019,20:29,10
869-11-3082,Health and beauty,1112.482,2,2224.964,1/27/2019,20:03,9
190-59-3964,Food and beverages,545.484,1,545.484,2/3/2019,14:35,6
366-43-6862,Electronic accessories,611.761,4,2447.044,3/25/2019,16:32,7
186-43-8965,Home and lifestyle,551.73,1,551.73,2/24/2019,10:10,5
784-21-9238,Sports and travel,117.633,5,588.165,2/7/2019,14:15,6
276-75-6884,Health and beauty,794.977,3,2384.931,3/4/2019,10:05,9
109-86-4363,Sports and travel,695.041,4,2780.164,2/14/2019,11:36,5
569-76-2760,Sports and travel,254.698,5,1273.49,1/29/2019,18:15,7
222-42-0244,Health and beauty,834.188,3,2502.564,1/28/2019,13:53,8
760-53-9233,Fashion accessories,477.472,2,954.944,3/26/2019,18:37,9
538-22-0304,Electronic accessories,751.255,2,1502.51,3/24/2019,18:27,6
416-17-9926,Electronic accessories,858.478,1,858.478,1/1/2019,14:42,5
237-44-6163,Electronic accessories,122.144,1,122.144,1/24/2019,17:43,8
636-17-0325,Health and beauty,723.842,1,723.842,2/25/2019,18:37,10
343-75-9322,Sports and travel,137.065,4,548.26,1/9/2019,16:34,5
528-14-9470,Health and beauty,1056.268,4,4225.072,2/14/2019,14:42,10
427-45-9297,Home and lifestyle,471.226,3,1413.678,3/12/2019,11:01,6
807-34-3742,Fashion accessories,605.862,5,3029.31,3/26/2019,19:44,6
288-62-1085,Fashion accessories,445.895,2,891.79,1/9/2019,13:34,6
670-71-7306,Sports and travel,516.336,5,2581.68,1/2/2019,20:08,6
660-29-7083,Electronic accessories,646.461,3,1939.383,1/15/2019,15:01,6
271-77-8740,Sports and travel,337.978,1,337.978,1/1/2019,11:40,5
497-36-0989,Fashion accessories,601.004,1,601.004,2/15/2019,15:21,8
291-59-1384,Electronic accessories,697.47,4,2789.88,2/28/2019,17:38,6
860-73-6466,Sports and travel,456.652,5,2283.26,3/2/2019,16:16,5
549-23-9016,Food and beverages,172.112,5,860.56,2/13/2019,18:15,9
896-34-0956,Fashion accessories,246.717,5,1233.585,1/26/2019,12:43,6
804-38-3935,Electronic accessories,1084.722,4,4338.888,1/30/2019,11:32,6
585-90-0249,Electronic accessories,847.374,3,2542.122,1/27/2019,18:08,10
862-29-5914,Sports and travel,258.862,4,1035.448,1/30/2019,17:08,9
845-94-6841,Food and beverages,843.21,1,843.21,1/8/2019,19:38,4
125-45-2293,Fashion accessories,1146.488,4,4585.952,1/19/2019,13:11,5
843-73-4724,Fashion accessories,857.09,1,857.09,1/25/2019,11:05,10
409-33-9708,Fashion accessories,1139.201,3,3417.603,2/19/2019,10:12,10
658-66-3967,Health and beauty,615.231,1,615.231,1/14/2019,15:42,5
866-70-2814,Electronic accessories,610.72,5,3053.6,2/25/2019,11:58,10
160-22-2687,Health and beauty,1110.053,3,3330.159,1/23/2019,14:21,9
895-03-6665,Fashion accessories,422.299,5,2111.495,2/16/2019,10:52,5
770-42-8960,Food and beverages,244.288,1,244.288,1/1/2019,19:31,7
748-45-2862,Home and lifestyle,327.568,2,655.136,3/7/2019,18:35,9
234-36-2483,Health and beauty,666.24,1,666.24,2/15/2019,13:51,6
316-66-3011,Food and beverages,551.036,1,551.036,1/23/2019,12:35,5
848-95-6252,Home and lifestyle,997.972,4,3991.888,2/20/2019,13:24,7
840-76-5966,Sports and travel,147.822,2,295.644,1/8/2019,18:06,8
152-03-4217,Home and lifestyle,130.472,5,652.36,3/17/2019,11:55,5
533-66-5566,Home and lifestyle,590.941,2,1181.882,1/12/2019,11:42,7
124-31-1458,Electronic accessories,920.591,5,4602.955,1/8/2019,14:30,7
176-78-1170,Health and beauty,391.069,3,1173.207,1/26/2019,15:11,8
361-59-0574,Sports and travel,1047.246,5,5236.23,3/15/2019,14:48,7
101-81-4070,Health and beauty,726.618,1,726.618,1/17/2019,12:36,5
631-34-1880,Food and beverages,281.417,1,281.417,1/8/2019,19:09,5
852-82-2749,Sports and travel,747.091,3,2241.273,1/6/2019,13:35,10
873-14-6353,Food and beverages,287.316,5,1436.58,2/16/2019,10:33,8
584-66-4073,Fashion accessories,653.748,3,1961.244,3/13/2019,15:45,10
544-55-9589,Electronic accessories,248.105,3,744.315,1/28/2019,11:51,7
166-19-2553,Sports and travel,1030.243,2,2060.486,1/18/2019,17:26,10
737-88-5876,Home and lifestyle,269.619,3,808.857,3/19/2019,11:52,6
154-87-7367,Home and lifestyle,755.072,5,3775.36,3/15/2019,14:04,7
885-56-0389,Fashion accessories,605.515,4,2422.06,2/12/2019,17:49,4
608-05-3804,Electronic accessories,459.775,2,919.55,2/25/2019,20:19,7
448-61-3783,Electronic accessories,1041.347,1,1041.347,3/21/2019,16:08,5
761-49-0439,Electronic accessories,140.188,4,560.752,1/19/2019,10:17,9
490-95-0021,Food and beverages,384.129,2,768.258,1/8/2019,14:25,6
115-38-7388,Fashion accessories,117.98,5,589.9,3/30/2019,12:51,10
311-13-6971,Sports and travel,370.249,5,1851.245,2/20/2019,15:18,10
291-55-6563,Home and lifestyle,398.356,2,796.712,3/30/2019,12:45,8
548-48-3156,Food and beverages,963.966,4,3855.864,3/19/2019,13:37,8
460-93-5834,Sports and travel,527.44,5,2637.2,1/13/2019,10:03,5
325-89-4209,Food and beverages,1016.71,4,4066.84,2/5/2019,19:42,7
884-80-6021,Electronic accessories,849.803,2,1699.606,3/23/2019,13:14,10
137-74-8729,Fashion accessories,141.229,4,564.916,3/13/2019,12:47,7
880-46-5796,Sports and travel,889.708,2,1779.416,3/17/2019,19:53,6
389-70-2397,Health and beauty,967.783,1,967.783,2/21/2019,10:26,8
114-35-5271,Electronic accessories,670.057,2,1340.114,2/7/2019,15:06,9
607-76-6216,Fashion accessories,1069.801,2,2139.602,3/2/2019,16:35,9
715-20-1673,Electronic accessories,328.262,4,1313.048,3/6/2019,20:57,10
811-35-1094,Electronic accessories,583.654,3,1750.962,2/6/2019,15:16,9
699-88-1972,Health and beauty,1147.182,2,2294.364,1/28/2019,17:47,5
781-84-8059,Fashion accessories,702.675,1,702.675,1/18/2019,16:23,5
409-49-6995,Food and beverages,546.872,4,2187.488,2/5/2019,10:17,9
725-54-0677,Health and beauty,990.338,4,3961.352,3/2/2019,13:50,6
146-09-5432,Food and beverages,405.296,1,405.296,2/9/2019,19:17,5
377-79-7592,Electronic accessories,518.765,2,1037.53,1/14/2019,14:00,8
509-10-0516,Home and lifestyle,531.951,3,1595.853,2/9/2019,12:02,6
595-94-9924,Health and beauty,320.975,2,641.95,3/26/2019,20:21,5
865-41-9075,Food and beverages,133.595,5,667.975,1/28/2019,17:35,9
545-07-8534,Health and beauty,674.568,1,674.568,2/14/2019,12:42,6
118-62-1812,Home and lifestyle,906.711,5,4533.555,3/24/2019,17:56,8
450-42-3339,Health and beauty,978.887,3,2936.661,2/9/2019,18:58,9
851-98-3555,Health and beauty,958.761,3,2876.283,3/24/2019,14:08,7
186-71-5196,Food and beverages,920.244,1,920.244,3/27/2019,16:30,7
624-01-8356,Home and lifestyle,566.998,4,2267.992,1/27/2019,10:44,5
313-66-9943,Food and beverages,337.284,1,337.284,3/27/2019,20:29,8
151-27-8496,Electronic accessories,649.237,3,1947.711,1/19/2019,11:43,9
453-33-6436,Home and lifestyle,1077.088,1,1077.088,2/7/2019,10:09,7
522-57-8364,Fashion accessories,594.064,4,2376.256,1/31/2019,10:00,8
459-45-2396,Food and beverages,1152.04,2,2304.08,2/25/2019,18:45,6
717-96-4189,Electronic accessories,410.501,5,2052.505,2/2/2019,12:40,5
722-13-2115,Sports and travel,495.863,3,1487.589,3/14/2019,15:36,10
749-81-8133,Fashion accessories,1095.132,4,4380.528,3/11/2019,12:04,7
777-67-2495,Home and lifestyle,797.753,3,2393.259,2/22/2019,11:26,9
636-98-3364,Electronic accessories,303.972,2,607.944,3/2/2019,12:36,7
246-55-6923,Home and lifestyle,413.971,3,1241.913,3/10/2019,15:06,6
181-82-6255,Home and lifestyle,189.462,2,378.924,2/8/2019,10:58,7
838-02-1821,Home and lifestyle,147.475,3,442.425,2/22/2019,12:10,6
887-42-0517,Sports and travel,961.884,5,4809.42,1/10/2019,10:31,7
457-12-0244,Sports and travel,407.378,5,2036.89,3/14/2019,13:49,7
226-34-0034,Electronic accessories,159.62,4,638.48,1/10/2019,11:10,9
321-49-7382,Sports and travel,1021.568,1,1021.568,2/15/2019,17:38,6
397-25-8725,Health and beauty,458.387,5,2291.935,1/13/2019,17:54,7
431-66-2305,Electronic accessories,1020.874,5,5104.37,2/15/2019,20:51,8
825-94-5922,Sports and travel,292.868,2,585.736,3/2/2019,19:26,8
641-62-7288,Home and lifestyle,1155.857,2,2311.714,3/24/2019,13:33,8
756-93-1854,Fashion accessories,964.313,2,1928.626,2/2/2019,14:05,10
243-55-8457,Food and beverages,861.254,1,861.254,2/27/2019,11:40,6
458-10-8612,Health and beauty,741.192,3,2223.576,1/20/2019,12:27,8
501-61-1753,Home and lifestyle,730.435,4,2921.74,1/3/2019,20:24,10
235-06-8510,Home and lifestyle,991.726,3,2975.178,1/24/2019,20:59,6
433-08-7822,Health and beauty,912.61,4,3650.44,1/5/2019,19:48,8
361-85-2571,Sports and travel,1035.101,4,4140.404,3/30/2019,10:18,8
131-70-8179,Health and beauty,1065.29,2,2130.58,2/17/2019,16:27,5
500-02-2261,Food and beverages,662.77,5,3313.85,3/21/2019,17:04,6
720-72-2436,Food and beverages,769.646,4,3078.584,3/2/2019,18:14,7
702-83-5291,Fashion accessories,1154.816,5,5774.08,3/27/2019,10:43,7
809-69-9497,Home and lifestyle,528.481,4,2113.924,1/19/2019,19:30,6
449-16-6770,Health and beauty,587.471,3,1762.413,2/19/2019,14:53,6
333-23-2632,Health and beauty,116.592,2,233.184,3/28/2019,20:14,5
489-82-1237,Electronic accessories,1086.11,4,4344.44,1/5/2019,11:51,8
859-97-6048,Electronic accessories,974.723,4,3898.892,3/26/2019,14:13,6
676-10-2200,Fashion accessories,622.171,5,3110.855,2/3/2019,20:13,5
373-88-1424,Home and lifestyle,414.318,3,1242.954,2/6/2019,18:44,8
365-16-4334,Food and beverages,305.707,3,917.121,2/24/2019,14:26,9
503-21-4385,Health and beauty,461.857,4,1847.428,2/21/2019,12:40,10
305-89-2768,Home and lifestyle,253.31,4,1013.24,1/9/2019,18:43,5
574-80-1489,Food and beverages,726.965,3,2180.895,2/25/2019,13:22,9
784-08-0310,Food and beverages,243.594,4,974.376,1/13/2019,13:58,8
200-40-6154,Home and lifestyle,762.359,2,1524.718,2/9/2019,11:45,6
846-10-0341,Fashion accessories,492.393,3,1477.179,1/6/2019,11:51,7
577-34-7579,Food and beverages,584.001,4,2336.004,1/10/2019,17:16,6
430-02-3888,Electronic accessories,532.298,4,2129.192,2/7/2019,15:55,8
867-47-1948,Home and lifestyle,182.869,1,182.869,1/9/2019,12:07,8
384-59-6655,Food and beverages,1141.283,4,4565.132,2/19/2019,15:07,9
256-58-3609,Fashion accessories,1063.902,5,5319.51,3/18/2019,15:29,10
324-92-3863,Electronic accessories,241.859,3,725.577,2/5/2019,18:45,10
593-08-5916,Fashion accessories,179.399,3,538.197,3/19/2019,15:23,8
364-34-2972,Electronic accessories,1120.116,2,2240.232,3/30/2019,20:37,7
794-42-3736,Food and beverages,385.517,2,771.034,1/26/2019,14:41,7
172-42-8274,Electronic accessories,442.772,3,1328.316,3/2/2019,18:18,6
558-60-5016,Home and lifestyle,385.17,1,385.17,3/4/2019,15:27,8
195-06-0432,Home and lifestyle,937.247,1,937.247,1/13/2019,12:55,10
605-03-2706,Health and beauty,182.869,1,182.869,3/25/2019,18:02,10
214-30-2776,Electronic accessories,399.05,2,798.1,3/11/2019,19:44,9
746-04-1077,Food and beverages,978.887,4,3915.548,1/1/2019,11:36,9
448-34-8700,Home and lifestyle,427.157,2,854.314,2/10/2019,13:51,7
452-04-8808,Electronic accessories,1007.341,4,4029.364,1/26/2019,15:17,6
531-56-4728,Home and lifestyle,926.49,3,2779.47,2/11/2019,15:29,6
744-82-9138,Fashion accessories,996.237,3,2988.711,2/7/2019,17:59,9
883-69-1285,Fashion accessories,577.408,2,1154.816,3/6/2019,11:55,7
221-25-5073,Food and beverages,863.683,3,2591.049,3/4/2019,10:39,9
518-71-6847,Food and beverages,307.789,1,307.789,2/26/2019,15:10,5
156-20-0370,Electronic accessories,294.603,5,1473.015,3/10/2019,18:10,6
151-33-7434,Food and beverages,783.873,3,2351.619,2/4/2019,20:43,7
728-47-9078,Food and beverages,689.489,4,2757.956,1/19/2019,12:46,10
809-46-1866,Health and beauty,672.833,3,2018.499,1/23/2019,17:44,9
139-32-4183,Sports and travel,1127.75,1,1127.75,3/14/2019,14:19,8
148-41-7930,Health and beauty,1156.204,1,1156.204,1/23/2019,10:33,7
189-40-5216,Electronic accessories,1114.911,2,2229.822,1/9/2019,11:40,6
374-38-5555,Fashion accessories,737.028,5,3685.14,2/7/2019,19:30,9
764-44-8999,Health and beauty,170.724,2,341.448,2/18/2019,14:42,5
552-44-5977,Health and beauty,717.249,1,717.249,1/3/2019,19:08,7
267-62-7380,Electronic accessories,952.515,5,4762.575,3/29/2019,19:12,5
430-53-4718,Health and beauty,872.011,1,872.011,1/28/2019,15:46,9
886-18-2897,Food and beverages,654.442,4,2617.768,3/22/2019,19:06,5
602-16-6955,Sports and travel,886.238,2,1772.476,1/24/2019,18:10,6
745-74-0715,Electronic accessories,671.445,5,3357.225,3/10/2019,20:46,9
690-01-6631,Fashion accessories,202.301,3,606.903,2/22/2019,18:35,7
652-49-6720,Electronic accessories,705.104,1,705.104,2/18/2019,11:40,6
233-67-5758,Health and beauty,466.715,1,466.715,1/29/2019,13:46,7
303-96-2227,Home and lifestyle,1126.362,3,3379.086,3/2/2019,17:16,5
727-02-1313,Food and beverages,368.514,4,1474.056,2/9/2019,13:22,8
347-56-2442,Home and lifestyle,761.318,4,3045.272,2/22/2019,15:33,5
849-09-3807,Fashion accessories,1021.915,3,3065.745,2/18/2019,13:28,7
